/*	
	Tiago Coelho e Frederico Vieira : VideoClub Inserts
	98385 e 98518
 */

--Conteudo_Taxa
INSERT INTO Conteudo_Taxa(TaxaIva) VALUES (23);

--Tipo_Conteudo
INSERT INTO Tipo_Conteudo(Categoria) VALUES ('Comedia');
INSERT INTO Tipo_Conteudo(Categoria) VALUES ('Terror');
INSERT INTO Tipo_Conteudo(Categoria) VALUES ('Drama');
INSERT INTO Tipo_Conteudo(Categoria) VALUES ('Romance');
INSERT INTO Tipo_Conteudo(Categoria) VALUES ('Thriller');
INSERT INTO Tipo_Conteudo(Categoria) VALUES ('Fantasia');
INSERT INTO Tipo_Conteudo(Categoria) VALUES ('Ficcao Cientifica');
INSERT INTO Tipo_Conteudo(Categoria) VALUES ('Acao');
INSERT INTO Tipo_Conteudo(Categoria) VALUES ('Aventura');
INSERT INTO Tipo_Conteudo(Categoria) VALUES ('Danca');
INSERT INTO Tipo_Conteudo(Categoria) VALUES ('Documentario');

--Conteudo filmes
INSERT INTO Conteudo(Ano,Preco,Categoria,TaxaIva,Titulo,Idade,Duracao) VALUES (2020,1.99,'Comedia',23,'Interceptor',14,123);
INSERT INTO Conteudo(Ano,Preco,Categoria,TaxaIva,Titulo,Idade,Duracao) VALUES (2020,1.99,'Terror',23,'Instinto Assassino',16,108);
INSERT INTO Conteudo(Ano,Preco,Categoria,TaxaIva,Titulo,Idade,Duracao) VALUES (2018,0.99,'Drama',23,'As Viuvas',12,98);
INSERT INTO Conteudo(Ano,Preco,Categoria,TaxaIva,Titulo,Idade,Duracao) VALUES (2021,1.99,'Romance',23,'Toscana',12,102);
INSERT INTO Conteudo(Ano,Preco,Categoria,TaxaIva,Titulo,Idade,Duracao) VALUES (2022,2.99,'Acao',23,'Silverton: Cerco Fechado',14,115);
INSERT INTO Conteudo(Ano,Preco,Categoria,TaxaIva,Titulo,Idade,Duracao) VALUES (2022,2.99,'Drama',23,'Ainda Estou aqui',12,96);
INSERT INTO Conteudo(Ano,Preco,Categoria,TaxaIva,Titulo,Idade,Duracao) VALUES (2016,0.99,'Thriller',23,'Contra o Gelo',14,116);
INSERT INTO Conteudo(Ano,Preco,Categoria,TaxaIva,Titulo,Idade,Duracao) VALUES (2022,2.99,'Documentario',23,'Um Dia Dificil',14,97);
INSERT INTO Conteudo(Ano,Preco,Categoria,TaxaIva,Titulo,Idade,Duracao) VALUES (2020,1.99,'Aventura',23,'O Bombardeio',16,122);
INSERT INTO Conteudo(Ano,Preco,Categoria,TaxaIva,Titulo,Idade,Duracao) VALUES (2019,1.99,'Aventura',23,'Projeto Gemini',14,107);
INSERT INTO Conteudo(Ano,Preco,Categoria,TaxaIva,Titulo,Idade,Duracao) VALUES (2022,2.99,'Comedia',23,'O Projeto Adam',14,103);
INSERT INTO Conteudo(Ano,Preco,Categoria,TaxaIva,Titulo,Idade,Duracao) VALUES (2017,1.50,'Acao',23,'John Wick 2: Um Novo Dia Para Matar',16,103);
INSERT INTO Conteudo(Ano,Preco,Categoria,TaxaIva,Titulo,Idade,Duracao) VALUES (2021,1.99,'Romance',23,'O Resgate de Ruby',8,123);
INSERT INTO Conteudo(Ano,Preco,Categoria,TaxaIva,Titulo,Idade,Duracao) VALUES (2018,1.99,'Terror',23,'O Misterio do Farol',12,103);
INSERT INTO Conteudo(Ano,Preco,Categoria,TaxaIva,Titulo,Idade,Duracao) VALUES (2020,1.99,'Danca',23,'O Paramo',8,107);
INSERT INTO Conteudo(Ano,Preco,Categoria,TaxaIva,Titulo,Idade,Duracao) VALUES (2017,0.99,'Thriller',23,'Imperdoavel',12,101);
INSERT INTO Conteudo(Ano,Preco,Categoria,TaxaIva,Titulo,Idade,Duracao) VALUES (2018,1.99,'Fantasia',23,'Kate',8,106);
INSERT INTO Conteudo(Ano,Preco,Categoria,TaxaIva,Titulo,Idade,Duracao) VALUES (2021,1.99,'Documentario',23,'Um sonho de liberdade',8,104);
INSERT INTO Conteudo(Ano,Preco,Categoria,TaxaIva,Titulo,Idade,Duracao) VALUES (2017,0.99,'Acao',23,'Refem do Jogo',14,92);
INSERT INTO Conteudo(Ano,Preco,Categoria,TaxaIva,Titulo,Idade,Duracao) VALUES (2018,1.99,'Fantasia',23,'Caes',2,106);
INSERT INTO Conteudo(Ano,Preco,Categoria,TaxaIva,Titulo,Idade,Duracao) VALUES (2021,1.99,'Ficcao Cientifica',23,'Alerta Vermelho 2',14,102);
INSERT INTO Conteudo(Ano,Preco,Categoria,TaxaIva,Titulo,Idade,Duracao) VALUES (2017,0.99,'Ficcao Cientifica',23,'Alerta Vermelho',14,92);
INSERT INTO Conteudo(Ano,Preco,Categoria,TaxaIva,Titulo,Idade,Duracao) VALUES (2021,1.99,'Fantasia',23,'Caes 2',2,100);
INSERT INTO Conteudo(Ano,Preco,Categoria,TaxaIva,Titulo,Idade,Duracao) VALUES (2017,0.99,'Fantasia',23,'Caes no Espaco',8,92);


--filmes
INSERT INTO Filme(ID) VALUES (1);
INSERT INTO Filme(ID) VALUES (2);
INSERT INTO Filme(ID) VALUES (3);
INSERT INTO Filme(ID) VALUES (4);
INSERT INTO Filme(ID) VALUES (5);
INSERT INTO Filme(ID) VALUES (6);
INSERT INTO Filme(ID) VALUES (7);
INSERT INTO Filme(ID) VALUES (8);
INSERT INTO Filme(ID) VALUES (9);
INSERT INTO Filme(ID) VALUES (10);
INSERT INTO Filme(ID) VALUES (11);
INSERT INTO Filme(ID) VALUES (12);
INSERT INTO Filme(ID) VALUES (13);
INSERT INTO Filme(ID) VALUES (14);
INSERT INTO Filme(ID) VALUES (15);
INSERT INTO Filme(ID) VALUES (16);
INSERT INTO Filme(ID) VALUES (17);
INSERT INTO Filme(ID) VALUES (18);
INSERT INTO Filme(ID) VALUES (19);
INSERT INTO Filme(ID) VALUES (20);
INSERT INTO Filme(ID) VALUES (21);
INSERT INTO Filme(ID) VALUES (22);
INSERT INTO Filme(ID) VALUES (23);
INSERT INTO Filme(ID) VALUES (24);

--Conteudo series
INSERT INTO Conteudo(Ano,Preco,Categoria,TaxaIva,Titulo,Idade,Duracao) VALUES (2020,1.99,'Acao',23,'Game of Thrones',14,123);
INSERT INTO Conteudo(Ano,Preco,Categoria,TaxaIva,Titulo,Idade,Duracao) VALUES (2020,1.99,'Terror',23,'Breaking Bad',16,108);
INSERT INTO Conteudo(Ano,Preco,Categoria,TaxaIva,Titulo,Idade,Duracao) VALUES (2018,0.99,'Drama',23,'Supernatural',12,98);
INSERT INTO Conteudo(Ano,Preco,Categoria,TaxaIva,Titulo,Idade,Duracao) VALUES (2021,2.99,'Romance',23,'Sherlock',12,102);
INSERT INTO Conteudo(Ano,Preco,Categoria,TaxaIva,Titulo,Idade,Duracao) VALUES (2022,2.99,'Aventura',23,'Vikings',14,115);
INSERT INTO Conteudo(Ano,Preco,Categoria,TaxaIva,Titulo,Idade,Duracao) VALUES (2022,2.99,'Drama',23,'Chernobyl',12,96);
INSERT INTO Conteudo(Ano,Preco,Categoria,TaxaIva,Titulo,Idade,Duracao) VALUES (2016,0.99,'Thriller',23,'Prison Break',14,116);
INSERT INTO Conteudo(Ano,Preco,Categoria,TaxaIva,Titulo,Idade,Duracao) VALUES (2022,2.99,'Documentario',23,'Stranger Things',14,97);
INSERT INTO Conteudo(Ano,Preco,Categoria,TaxaIva,Titulo,Idade,Duracao) VALUES (2020,1.99,'Thriller',23,'Demolidor',16,122);
INSERT INTO Conteudo(Ano,Preco,Categoria,TaxaIva,Titulo,Idade,Duracao) VALUES (2019,1.99,'Aventura',23,'Friends',14,107);
INSERT INTO Conteudo(Ano,Preco,Categoria,TaxaIva,Titulo,Idade,Duracao) VALUES (2022,2.99,'Comedia',23,'House',14,103);
INSERT INTO Conteudo(Ano,Preco,Categoria,TaxaIva,Titulo,Idade,Duracao) VALUES (2017,1.50,'Acao',23,'Suits',16,103);
INSERT INTO Conteudo(Ano,Preco,Categoria,TaxaIva,Titulo,Idade,Duracao) VALUES (2021,1.99,'Drama',23,'The Walking Dead',8,123);
INSERT INTO Conteudo(Ano,Preco,Categoria,TaxaIva,Titulo,Idade,Duracao) VALUES (2018,1.99,'Thriller',23,'Teen Wolf',12,103);
INSERT INTO Conteudo(Ano,Preco,Categoria,TaxaIva,Titulo,Idade,Duracao) VALUES (2020,1.99,'Danca',23,'Todo Mundo Odeia o Chris',8,107);
INSERT INTO Conteudo(Ano,Preco,Categoria,TaxaIva,Titulo,Idade,Duracao) VALUES (2017,0.99,'Thriller',23,'The Big Bang Theory',12,101);
INSERT INTO Conteudo(Ano,Preco,Categoria,TaxaIva,Titulo,Idade,Duracao) VALUES (2018,1.99,'Danca',23,'Rick and Morty',8,106);
INSERT INTO Conteudo(Ano,Preco,Categoria,TaxaIva,Titulo,Idade,Duracao) VALUES (2021,1.99,'Documentario',23,'Outlander',8,104);
INSERT INTO Conteudo(Ano,Preco,Categoria,TaxaIva,Titulo,Idade,Duracao) VALUES (2017,0.99,'Acao',23,'Arrow',14,92);
INSERT INTO Conteudo(Ano,Preco,Categoria,TaxaIva,Titulo,Idade,Duracao) VALUES (2021,1.99,'Fantasia',23,'Narcos',2,100);
INSERT INTO Conteudo(Ano,Preco,Categoria,TaxaIva,Titulo,Idade,Duracao) VALUES (2017,0.99,'Ficcao Cientifica',23,'O Justiceiro',8,92);

--series
INSERT INTO Serie (ID,Episodios) VALUES (25,10);
INSERT INTO Serie (ID,Episodios) VALUES (26,17);
INSERT INTO Serie (ID,Episodios) VALUES (27,10);
INSERT INTO Serie (ID,Episodios) VALUES (28,22);
INSERT INTO Serie (ID,Episodios) VALUES (29,9);
INSERT INTO Serie (ID,Episodios) VALUES (30,11);
INSERT INTO Serie (ID,Episodios) VALUES (31,12);
INSERT INTO Serie (ID,Episodios) VALUES (32,9);
INSERT INTO Serie (ID,Episodios) VALUES (33,16);
INSERT INTO Serie (ID,Episodios) VALUES (34,11);
INSERT INTO Serie (ID,Episodios) VALUES (35,14);
INSERT INTO Serie (ID,Episodios) VALUES (36,12);
INSERT INTO Serie (ID,Episodios) VALUES (37,10);
INSERT INTO Serie (ID,Episodios) VALUES (38,21);
INSERT INTO Serie (ID,Episodios) VALUES (39,20);
INSERT INTO Serie (ID,Episodios) VALUES (40,10);
INSERT INTO Serie (ID,Episodios) VALUES (41,12);
INSERT INTO Serie (ID,Episodios) VALUES (42,9);
INSERT INTO Serie (ID,Episodios) VALUES (43,11);
INSERT INTO Serie (ID,Episodios) VALUES (44,12);
INSERT INTO Serie (ID,Episodios) VALUES (45,9);


--cupao

INSERT INTO cupao(id,datain,dataen,pontos) VALUES ('VALEPONTO1','2020-01-01','2020-01-31',100);
INSERT INTO cupao(id,datain,dataen,pontos) VALUES ('VALEPONTO2','2020-01-01','2020-01-31',200);
INSERT INTO cupao(id,datain,dataen,pontos) VALUES ('VALEPONTO3','2020-01-01','2020-01-31',300);
INSERT INTO cupao(id,datain,dataen,pontos) VALUES ('BEMVINDO01','2020-01-01','2020-01-31',150);
INSERT INTO cupao(id,datain,dataen,pontos) VALUES ('BEMVINDO02','2020-02-01','2020-02-28',150);
INSERT INTO cupao(id,datain,dataen,pontos) VALUES ('BEMVINDO03','2020-03-01','2020-03-31',150);
INSERT INTO cupao(id,datain,dataen,pontos) VALUES ('BEMVINDO04','2020-04-01','2020-04-30',150);
INSERT INTO cupao(id,datain,dataen,pontos) VALUES ('BEMVINDO05','2020-05-01','2020-05-31',150);
INSERT INTO cupao(id,datain,dataen,pontos) VALUES ('BEMVINDO06','2020-06-01','2020-06-30',150);
INSERT INTO cupao(id,datain,dataen,pontos) VALUES ('BEMVINDO07','2020-07-01','2020-07-31',150);
INSERT INTO cupao(id,datain,dataen,pontos) VALUES ('BEMVINDO08','2020-08-01','2020-08-31',150);
INSERT INTO cupao(id,datain,dataen,pontos) VALUES ('BEMVINDO09','2020-09-01','2020-09-30',150);
INSERT INTO cupao(id,datain,dataen,pontos) VALUES ('BEMVINDO10','2020-10-01','2020-10-31',150);
INSERT INTO cupao(id,datain,dataen,pontos) VALUES ('BEMVINDO11','2020-11-01','2020-11-30',150);
INSERT INTO cupao(id,datain,dataen,pontos) VALUES ('BEMVINDO12','2020-12-01','2020-12-31',150);
INSERT INTO cupao(id,datain,dataen,pontos) VALUES ('M6POINT100','2022-06-21','2022-07-21',100);
INSERT INTO cupao(id,datain,dataen,pontos) VALUES ('M6POINT200','2022-06-21','2022-08-06',200);
INSERT INTO cupao(id,datain,dataen,pontos) VALUES ('M6POINT300','2022-06-21','2022-08-16',300);

--promocoes

INSERT INTO promocao(desconto,datain,dataen,nome) VALUES (20,'2020-01-01','2020-01-31','Interceptor');
INSERT INTO promocao(desconto,datain,dataen,nome) VALUES (10,'2020-01-01','2020-01-31','Friends');
INSERT INTO promocao(desconto,datain,dataen,nome) VALUES (10,'2020-01-01','2020-01-31','Kate');
INSERT INTO promocao(desconto,datain,dataen,nome) VALUES (10,'2020-01-01','2020-01-31','Toscana');

DECLARE @responseMessage VARCHAR(250);
    EXEC RegisterUsuario @email='joaopedro@gmail.com', @nome='Joao Manuel Pedro', @contribuinte='234567819', @pass='jpedro987', @dataNasc='2002-01-01', @responseMessage = @responseMessage OUTPUT;
    SELECT @responseMessage AS responseMessage;

    EXEC RegisterUsuario @email='vitorluis@hotmail.com', @nome='Vitor Luis', @contribuinte='234587478', @pass='vitorl86413', @dataNasc='2002-05-11', @responseMessage = @responseMessage OUTPUT;
    SELECT @responseMessage AS responseMessage;

    EXEC RegisterUsuario @email='marcopaulo@sapo.pt', @nome='Marco Paulo', @contribuinte='231789564', @pass='mpaul017', @dataNasc='1997-11-06', @responseMessage = @responseMessage OUTPUT;
    SELECT @responseMessage AS responseMessage;

    EXEC RegisterUsuario @email='mbeatriz@gmail.com', @nome='Maria Beatriz', @contribuinte='254789442', @pass='mbeatriz910', @dataNasc='2010-08-17', @responseMessage = @responseMessage OUTPUT;
    SELECT @responseMessage AS responseMessage;

    EXEC RegisterUsuario @email='paulinhovil@hotmail.com', @nome='Paulo José Correia', @contribuinte='123876567', @pass='987paulinh', @dataNasc='1998-01-09', @responseMessage = @responseMessage OUTPUT;
    SELECT @responseMessage AS responseMessage;

    EXEC RegisterUsuario @email='yolumel@gmail.com', @nome='Yolanda Melo', @contribuinte='199901822', @pass='yyoandda901', @dataNasc='1984-03-02', @responseMessage = @responseMessage OUTPUT;
    SELECT @responseMessage AS responseMessage;

    EXEC RegisterUsuario @email='milfolhas@sapo.pt', @nome='Milena Marques', @contribuinte='232166891', @pass='milenalop101', @dataNasc='2002-01-15', @responseMessage = @responseMessage OUTPUT;
    SELECT @responseMessage AS responseMessage;

    EXEC RegisterUsuario @email='tailan@sapo.pt', @nome='Tailan Lopes', @contribuinte='234443787', @pass='tailanpik12622Q', @dataNasc='2000-04-21', @responseMessage = @responseMessage OUTPUT;
    SELECT @responseMessage AS responseMessage;

    EXEC RegisterUsuario @email='rickiboy@gmail.com', @nome='Ricardo Antunes', @contribuinte='234567891', @pass='ricardobb123', @dataNasc='2001-05-17', @responseMessage = @responseMessage OUTPUT;
    SELECT @responseMessage AS responseMessage;

    EXEC RegisterUsuario @email='lauramol@sapo.pt', @nome='Laura Molina', @contribuinte='233101998', @pass='lauramol222', @dataNasc='2002-01-11', @responseMessage = @responseMessage OUTPUT;
    SELECT @responseMessage AS responseMessage;

    EXEC RegisterUsuario @email='anafer21@gmail.com', @nome='Ana Ferreira', @contribuinte='231178990', @pass='anafer113', @dataNasc='2001-05-17', @responseMessage = @responseMessage OUTPUT;
    SELECT @responseMessage AS responseMessage;

    EXEC RegisterUsuario @email='pedrovil@sapo.pt', @nome='Pedro Vila', @contribuinte='213454676', @pass='pedrov123', @dataNasc='1992-01-19', @responseMessage = @responseMessage OUTPUT;
    SELECT @responseMessage AS responseMessage;

    EXEC Register_Admin @email='marqueadmin@gmail.com', @nome='Marco Marques', @pass='marco123', @responseMessage = @responseMessage OUTPUT;
    SELECT @responseMessage AS responseMessage;

    EXEC Register_Admin @email='joanadmin@gmail.com', @nome='Joana Costa', @pass='jojona901', @responseMessage = @responseMessage OUTPUT;
    SELECT @responseMessage AS responseMessage;

--cont_tem_promocao

INSERT INTO cont_tem_promocao(contid,promocaoid) VALUES (1,1);
INSERT INTO cont_tem_promocao(contid,promocaoid) VALUES (34,2);
INSERT INTO cont_tem_promocao(contid,promocaoid) VALUES (17,3);
INSERT INTO cont_tem_promocao(contid,promocaoid) VALUES (4,4);

--usuario_usa_cupao

INSERT INTO usuario_usa_cupao(cupao_id,usuario_email) VALUES ('VALEPONTO1','joaopedro@gmail.com');
INSERT INTO usuario_usa_cupao(cupao_id,usuario_email) VALUES ('VALEPONTO2','milfolhas@sapo.pt');
INSERT INTO usuario_usa_cupao(cupao_id,usuario_email) VALUES ('VALEPONTO3','vitorluis@hotmail.com');
INSERT INTO usuario_usa_cupao(cupao_id,usuario_email) VALUES ('VALEPONTO1','pedrovil@sapo.pt');
INSERT INTO usuario_usa_cupao(cupao_id,usuario_email) VALUES ('VALEPONTO2','anafer21@gmail.com');
INSERT INTO usuario_usa_cupao(cupao_id,usuario_email) VALUES ('VALEPONTO3','rickiboy@gmail.com');

-- aluguer

INSERT INTO aluguer(datain,dataen,pagamento,usuario_email,contribuinte,pontos_usados,pontos_acumulados) VALUES ('2020-01-01','2020-01-07','MBWAY','lauramol@sapo.pt','233101998',0,200);
INSERT INTO aluguer(datain,dataen,pagamento,usuario_email,contribuinte,pontos_usados,pontos_acumulados) VALUES ('2020-02-11','2020-03-11','MBWAY','joaopedro@gmail.com','234567819',100,0);
INSERT INTO aluguer(datain,dataen,pagamento,usuario_email,contribuinte,pontos_usados,pontos_acumulados) VALUES ('2020-02-12','2020-02-19','VISA','vitorluis@hotmail.com','234587478',100,100);
INSERT INTO aluguer(datain,dataen,pagamento,usuario_email,contribuinte,pontos_usados,pontos_acumulados) VALUES ('2020-02-14','2020-03-14','PAYPAL','tailan@sapo.pt','234443787',0,100);
INSERT INTO aluguer(datain,dataen,pagamento,usuario_email,contribuinte,pontos_usados,pontos_acumulados) VALUES ('2020-02-15','2020-03-15','VISA','pedrovil@sapo.pt','213454676',100,100);
INSERT INTO aluguer(datain,dataen,pagamento,usuario_email,contribuinte,pontos_usados,pontos_acumulados) VALUES ('2020-02-22','2020-03-22','MBWAY','paulinhovil@hotmail.com','123876567',0,200);
INSERT INTO aluguer(datain,dataen,pagamento,usuario_email,contribuinte,pontos_usados,pontos_acumulados) VALUES ('2020-02-23','2020-03-02','VISA','rickiboy@gmail.com','234567891',200,0);
INSERT INTO aluguer(datain,dataen,pagamento,usuario_email,contribuinte,pontos_usados,pontos_acumulados) VALUES ('2020-02-24','2020-03-24','PAYPAL','milfolhas@sapo.pt','232166891',0,300);
INSERT INTO aluguer(datain,dataen,pagamento,usuario_email,contribuinte,pontos_usados,pontos_acumulados) VALUES ('2020-02-25','2020-03-25','MBWAY','mbeatriz@gmail.com','254789442',0,200);
INSERT INTO aluguer(datain,dataen,pagamento,usuario_email,contribuinte,pontos_usados,pontos_acumulados) VALUES ('2020-02-26','2020-03-26','VISA','yolumel@gmail.com','199901822',0,300);

--pertence

INSERT INTO Pertence(ID_Aluguer,ID_Conteudo) VALUES (1,1);
INSERT INTO Pertence(ID_Aluguer,ID_Conteudo) VALUES (2,3);
INSERT INTO Pertence(ID_Aluguer,ID_Conteudo) VALUES (3,44);
INSERT INTO Pertence(ID_Aluguer,ID_Conteudo) VALUES (4,27);
INSERT INTO Pertence(ID_Aluguer,ID_Conteudo) VALUES (5,9);
INSERT INTO Pertence(ID_Aluguer,ID_Conteudo) VALUES (6,10);
INSERT INTO Pertence(ID_Aluguer,ID_Conteudo) VALUES (7,21);
INSERT INTO Pertence(ID_Aluguer,ID_Conteudo) VALUES (8,5);
INSERT INTO Pertence(ID_Aluguer,ID_Conteudo) VALUES (9,17);
INSERT INTO Pertence(ID_Aluguer,ID_Conteudo) VALUES (10,28);



